slug	name	mode	bg	surface-1	surface-2	surface-3	border	field	text	text-soft	text-faint	accent	accent-deep	accent-2	accent-soft	on-accent	good	warn	bad	info	alt-bg	alt-surface-1	alt-surface-2	alt-surface-3	alt-border	alt-field	alt-text	alt-text-soft	alt-text-faint	alt-accent	alt-accent-soft	alt-on-accent	data-1	data-2	data-3	data-4
default-theme	Default	mid	#8f8f8f	#a0a0a0	#b0b0b0	#bfbfbf	#565656	#ababab	#1c1c1c	#3f3f3f	#5b5b5b	#353535	#222222	#515151	#cccccc	#f6f6f6	#757575	#656565	#3f3f3f	#5b5b5b													#4f9fe0	#e07bad	#46c48a	#e0a84f
maw-dark-utility	MAW Dark Utility	dark	#2a2d33	#333740	#3c414b	#434955	#656d7c	#3c414b	#eef0f3	#a7adb8	#7b818d	#46b8cf	#2e8ba0	#6fccd6	#26414a	#10262c	#35c48a	#d8ab4f	#d64f3f	#56a8dd	#f4f6f8	#ffffff	#eaeef2	#dfe4ea	#cbd2db	#ffffff	#1c2126	#4a525c	#79828d		#d4eef4	#10262c	#4f9fe0	#e07bad	#46c48a	#e0a84f
paper-mono	Paper Mono	light	#fafafa	#fefefe	#f1f1f1	#e6e6e6	#cfcfcf	#fefefe	#292929	#636363	#8f8f8f	#333333	#1f1f1f	#676767	#e9e9e9	#fdfdfd	#2e9268	#a67c2e	#bf4436	#3a7fb5	#1a1a1a	#202020	#2a2a2a	#333333	#4a4a4a	#2a2a2a	#f2f2f2	#b0b0b0	#808080		#3a3a3a	#fdfdfd	#4f9fe0	#e07bad	#46c48a	#e0a84f
papyrus	Papyrus	light	#f0e6d2	#f7efe0	#e4d5bd	#d8c5a8	#c0a982	#f9f2e4	#4a3826	#75604a	#9a8468	#97663a	#6f4a28	#a56048	#e4d3b3	#faf4e6	#2f8f5f	#a67d33	#b0503a	#3d7098	#241c14	#2c2218	#362a1e	#40331f	#574632	#2c2218	#f0e6d2	#baa688	#8a7860		#40331d	#faf4e6	#4f9fe0	#e07bad	#46c48a	#e0a84f
americana	Americana	light	#f7f7fa	#fefeff	#eeeef2	#e3e3ea	#cfcfda	#fefeff	#3a3352	#5d5578	#837b9c	#b83a3f	#8f2a2f	#443a6e	#f2dada	#fefcfc	#2f9165	#aa8038	#ba3a34	#4d4488	#1c1a2a	#232135	#2c2a40	#34314a	#4a4668	#2c2a40	#f2eff8	#b0aac5	#837b9c		#402a2d	#fefcfc	#4f9fe0	#e07bad	#46c48a	#e0a84f
mclaren	McLaren	dark	#292420	#231f1b	#2f2a25	#35302a	#5f5850	#3a342e	#f2f1ec	#5fc9d8	#4c8b98	#f5842f	#c05e18	#5fc9d8	#432f20	#2a1d10	#35c48a	#d8ab4f	#d64f3f	#63bce0	#faf6f1	#fffdfa	#f2ece3	#e8e0d4	#d8cdbd	#fffdfa	#2a2420	#2c8593	#8a7f70		#fce4d2	#2a1d10	#4f9fe0	#e07bad	#46c48a	#e0a84f
ferrari	Ferrari	dark	#2b201e	#241a18	#332724	#3a2d29	#64504a	#3d2f2b	#f6efee	#b9a9a5	#86746f	#d83f38	#a82a24	#ecd44f	#4a2620	#fcecea	#35c48a	#e0bd4a	#d84334	#63bce0	#faf5f4	#fffdfc	#f2e9e8	#e8dcda	#d8c9c6	#fffdfc	#2b201e	#6b5551	#94807b		#f7dcda	#fcecea	#4f9fe0	#e07bad	#46c48a	#e0a84f
mercedes	Mercedes	dark	#1e2827	#192221	#273230	#2d3937	#506361	#2f3b39	#eff6f5	#a9b9b7	#74847f	#4fc8c0	#2e9a93	#46e08a	#1f403c	#10201f	#38c48c	#d8ab4f	#d64f3f	#6fb4cc	#f2f8f7	#fdffff	#e6f0ee	#dae6e4	#c7d5d2	#fdffff	#1e2827	#3f5652	#74847f		#d2f0ed	#10201f	#4f9fe0	#e07bad	#46c48a	#e0a84f
red-bull	Red Bull	dark	#1e2138	#262a48	#2f3455	#363c60	#565d85	#333858	#eef0f8	#a9adca	#797f9e	#ecd84e	#bb9c00	#d5493d	#362d07	#1c1600	#35c48a	#e0bd4a	#d84334	#6fa5e0	#f5f6fa	#fefeff	#e9ebf3	#dde0eb	#cacfdd	#fefeff	#1e2138	#4d5270	#797f9e		#f3edbf	#fceceb	#4f9fe0	#e07bad	#46c48a	#e0a84f
alpine	Alpine	dark	#21262f	#1b2029	#2a303a	#313843	#5a6273	#333a45	#eff1f5	#abb0bb	#7d828d	#ff3d9e	#c9237b	#4f9fe0	#4a1b30	#fef1f5	#35c48a	#d8ab4f	#d64f3f	#56a0dd	#f4f7fa	#feffff	#e8eef4	#dce4ec	#c9d3de	#feffff	#21262f	#4a525f	#7d828d		#fedbe8	#ecf4fc	#4f9fe0	#e07bad	#46c48a	#e0a84f
aston-martin	Aston Martin	dark	#1c2723	#17211d	#26322c	#2c3833	#4d635b	#2e3a34	#eff6f2	#a9b9b1	#74847c	#2e9d61	#0b703f	#a5e84f	#11331f	#ecfaf6	#38c48c	#d8ab4f	#d64f3f	#63aecc	#f2f8f6	#fdfffe	#e6f0ec	#dae6e2	#c7d5cf	#fdfffe	#1c2723	#3f5650	#74847c		#cdf1d8	#ecfaf6	#4f9fe0	#e07bad	#46c48a	#e0a84f
audi	Audi	dark	#212228	#1c1d22	#2a2b31	#313239	#57585f	#333440	#f2f2f4	#adadb3	#797a80	#b3bcc5	#80878e	#d0473c	#292e34	#101418	#35c48a	#d8ab4f	#d84334	#63bce0	#f6f6f8	#ffffff	#ececf0	#e0e0e6	#cdcdd5	#ffffff	#212228	#4c4d55	#797a80		#e4e8ed	#fceceb	#4f9fe0	#e07bad	#46c48a	#e0a84f
cadillac	Cadillac	dark	#1e2032	#191b2c	#282a3e	#2f3145	#565a76	#303247	#eff0f8	#a9adc5	#797d97	#d3a83f	#a67f22	#c8402f	#40331d	#2a2210	#35c48a	#ddb44a	#d64f3f	#6fa2d0	#f5f6fa	#fefeff	#e9ebf3	#dde0eb	#cacfdd	#fefeff	#1e2032	#4d5270	#797d97		#f3e4c4	#2a2210	#4f9fe0	#e07bad	#46c48a	#e0a84f
haas	Haas	light	#faf7f6	#fefefe	#f2edec	#e6dedc	#d9cdca	#fefefe	#362e2c	#6b5f5c	#948680	#b11745	#85002d	#2f2b2c	#fed6d9	#fefcfc	#2e9268	#a67c2e	#bf4436	#3a7fb5	#1e1b1a	#262220	#302b29	#3a3330	#524a47	#302b29	#f2eded	#b3a8a5	#857a76		#4b1d24	#fefcfc	#4f9fe0	#e07bad	#46c48a	#e0a84f
racing-bulls	Racing Bulls	light	#f6f7fa	#fefeff	#eef0f4	#e2e5ec	#cdd2dc	#fefeff	#333a4a	#5f6678	#868da0	#4a52b0	#363c8c	#d1483f	#dfe0f5	#fcfcfe	#2e9268	#a67c2e	#bf4436	#3f6fb5	#1a1c2a	#212436	#2a2d42	#32354c	#474d6a	#2a2d42	#eef0f8	#aab0c8	#868da0		#2a2d5c	#fcfcfe	#4f9fe0	#e07bad	#46c48a	#e0a84f
williams	Williams	light	#f6f7fa	#fefeff	#eef0f5	#e2e6ed	#cdd3df	#fefeff	#333c4c	#5f6779	#868ea1	#4a7ac8	#3560a0	#52a0d8	#dce4f5	#fcfdfe	#2e9268	#a67c2e	#bf4436	#4278c2	#1a1e2a	#212736	#2a3142	#32394c	#47506a	#2a3142	#eef2f8	#aab4c8	#868ea1		#24344c	#fcfdfe	#4f9fe0	#e07bad	#46c48a	#e0a84f
carbon	Carbon	dark	#17181d	#1c1e24	#24272f	#2c3039	#3a3f4b	#24272f	#e8eaef	#a2a8b5	#71778a	#5b8def	#3a6bd0	#e07bad	#23304a	#0f1626	#35c48a	#d8ab4f	#d64f3f	#56a0dd	#f6f7f9	#ffffff	#eef0f4	#e3e6ec	#d3d8e2	#ffffff	#1b1e26	#4a5060	#737a8a		#dbe6fb	#ffffff	#4f9fe0	#e07bad	#46c48a	#e0a84f
eos	Eos	dark	#141619	#1c1f24	#24282f	#2d323a	#3b4048	#24282f	#ecedf2	#a6adb8	#767d89	#ecbd5b	#b38a2f	#e0459b	#3a2e14	#1a1508	#35c48a	#e0872f	#e0473a	#5b9ae0	#f4f3f6	#ffffff	#ecebf0	#e0dfe6	#ccc9d5	#ffffff	#39ff14	#565160	#837e8e	#e0459b	#f6dcec	#ffffff	#4f9fe0	#e07bad	#46c48a	#e0a84f
paddock	Paddock Violet	dark	#0b0d13	#12151b	#191c23	#22252d	#2b2e35	#1c1f27	#edeef3	#a8abb2	#71747c	#f14442	#b71920	#907bf8	#292745	#fdf2f1	#49ca81	#e7b643	#e6424c	#4baeed	#f5f7fa	#fdfdff	#ebedf1	#dddfe5	#cccfd7	#fdfdff	#181a21	#555860	#7d8088		#e6e5ff	#fffbfa	#4f9fe0	#e07bad	#46c48a	#e0a84f
